[
    {
        "name": "Pen",
        "price": 10
    },
    {
        "name": "Pencil",
        "price": 5
    },
    {
        "name": "NoteBook",
        "price": 30
    },
    {
        "name": "Scale",
        "price": 5
    },
    {
        "name": "Eraser",
        "price": 5
    },
    {
        "name": "Pencil Box",
        "price": 20
    },
    {
        "name": "Bag",
        "price": 600
    },
    {
        "name": "Book Wrapper",
        "price": 50
    },
    {
        "name": "Pen Pouch",
        "price": 20
    }
]